ID,Name,Group,Calories,Fat,Protein,Carbohydrate,Sugars,Fiber,Saturated Fats,Calcium,"Iron, Fe","Potassium, K",Magnesium,Net-Carbs,PRAL score,Sucrose,Glucose (Dextrose),Fructose,"Fatty acids, total monounsaturated","Fatty acids, total polyunsaturated"
167518,Waffle Buttermilk Frozen Ready-To-Heat Microwaved,Baked Foods,289,9.4,6.92,44.16,4.5,2.4,2.057,125,6.53,110,20,41.76,14.089,2.77,0,0,4864,1615
167519,Waffle Plain Frozen Ready-To-Heat Microwave,Baked Foods,298,9.91,6.71,45.41,5.04,2.4,1.58,197,5.81,148,25,43.01,12.117,3.31,0,0,5195,2240
167520,Pie Crust Cookie-Type Graham Cracker Ready Crust,Baked Foods,501,24.83,5.1,64.3,18.13,1.9,4.999,29,2.6,113,23,62.4,3.462,18.13,0,0,16928,1671
167528,Pastry Pastelitos De Guava (Guava Pastries),Baked Foods,379,18.5,5.48,47.76,17,2.2,5.535,14,2.12,103,15,45.56,2.007,12.37,2.29,1.41,8543,2835
167558,Snacks Tortilla Chips Plain White Corn Salted,Snacks,472,20.68,7.1,67.78,0.78,5.4,2.811,106,1.52,182,84,62.38,4.377,0.78,0,0,5664,10769
167568,Unsweetened Baking Chocolate,Sweets,642,52.31,14.32,28.42,0.91,16.6,32.277,101,17.4,830,327,11.82,-5.609,0.91,0,0,16068,1551
167597,Rudis Gluten-Free Bakery Original Sandwich Bread,Baked Foods,320,10.7,3.13,52.83,8.36,3.5,0.339,24,0.76,92,11,49.33,0.36,0,3.46,4.9,7363,2218
167627,Mush Blue Corn With Ash (Navajo),American Indian,54,0.49,0.66,11.74,0.19,1.1,0.074,96,2.92,58,20,10.64,-1.231,0.19,0,0,109,208
167636,Tamales (Navajo),American Indian,153,6.12,6.28,18.12,0.99,3.1,2.396,29,1.22,131,22,15.02,3.021,0.4,0.21,0.17,2739,688
167639,Fish Salmon Coho (Silver) Raw (Alaska Native),American Indian,140,5.57,22.56,0,0,0,0.904,5,0.55,380,28,0,11.115,0,0,0,1790,2410
167641,Oil Spotted Seal (Alaska Native),American Indian,894,99.32,0,0,0,0,14.74,0,0,0,0,0,0,0,0,0,54520,18060
167643,Fish Whitefish Eggs (Alaska Native),American Indian,104,2.88,14.66,4.89,0,0,0.496,46,5.95,190,30,4.89,13.109,0,0,0,1046,1073
167644,Caribou Rump Meat Half Dried (Alaska Native),American Indian,255,5.23,52.06,0,0,0,1.55,14,11,710,60,0,26.528,0,0,0,1190,630
167655,Frybread Made With Lard (Apache),American Indian,309,10.14,8.38,46.01,1.54,1.7,3.631,52,3.43,75,19,44.31,5.492,0.22,0.09,0,3500,1306
167658,Restaurant Mexican Soft Taco With Ground Beef Cheese And Lettuce,Restaurant Foods,219,10.81,12.56,17.92,2.39,1.5,4.486,116,1.85,244,27,16.42,5.152,0,0.79,0.66,4229,1203
167717,Yeast Extract Spread,Soups and Sauces,185,0.9,23.88,20.42,1.6,6.5,0,67,4.04,2100,180,13.92,-34.366,0,0,0,0,0
167742,Scallops,Fish,111,0.84,20.54,5.41,0,0,0.218,10,0.58,314,37,5.41,18.098,0,0,0,82,222
167760,Mamey Sapote,Fruits,124,0.46,1.45,32.1,20.14,5.4,0.169,18,0.78,454,11,26.7,-8.43,4.09,8.01,7.66,102,97
167762,Strawberries,Fruits,32,0.3,0.67,7.68,4.89,2,0.015,16,0.41,153,13,5.68,-2.562,0.47,1.99,2.44,43,155
167870,Pork Cured Feet Pickled,Meats,140,10.02,11.63,0.01,0,0,2.945,32,0.31,13,11,0.01,7.938,0,0,0,5677,784
167933,Crackers Whole-Wheat Reduced Fat,Baked Foods,416,7.59,11.34,75.52,1.22,10.9,1.067,39,3.56,373,120,64.62,7.491,0.9,0.32,0,1609,3568
167940,Cinnamon Buns Frosted (Includes Honey Buns),Baked Foods,452,26.61,4.45,48.6,25.7,1.2,12.649,183,1.37,102,14,47.4,2.128,20.11,3.05,1.11,8723,3676
167949,Snacks Corn-Based Extruded Puffs Or Twists Cheese-Flavor,Snacks,567,36.54,5.46,54.54,3.57,0.8,3.749,53,1.69,180,18,53.74,2.377,0,0,0,478,17934
167959,Snacks Popcorn Air-Popped,Snacks,387,4.54,12.94,77.78,0.87,14.5,0.637,7,3.19,329,144,63.28,8.767,0.72,0.07,0.07,950,2318
167971,Tootsie Roll Chocolate-Flavor Roll,Sweets,387,3.31,1.59,87.73,56.32,0.1,0.967,36,0.8,116,22,87.63,-0.606,39.35,7.85,0.4,1929,266
167992,Kit Kat Wafer Bar,Sweets,518,25.99,6.51,64.59,48.68,1,17.953,125,1,231,37,63.59,0.713,40.04,0.16,0.2,5844,895
168002,Glutino Gluten Free Wafers Lemon Flavored,Baked Foods,515,24.18,0,74.39,42.31,0,10.501,9,0.18,36,3,74.39,0.488,42.31,0,0,8312,2670
168043,Stew Hominy With Mutton (Navajo),American Indian,83,2.06,6.71,9.38,0.11,2,0.733,8,0.81,118,20,7.38,3.202,0.11,0,0,897,287
168049,Caribou Shoulder Meat Dried (Alaska Native),American Indian,271,3.67,59.38,0,0,0,1.586,14,11,810,62,0,30.543,0,0,0,1201,370
168059,Steelhead Trout Dried Flesh (Shoshone Bannock),American Indian,382,8.06,77.27,0,0,0,0.829,85,2.96,1720,84,0,34.368,0,0,0,1228,1739
168076,Dennys Mozzarella Cheese Sticks,Restaurant Foods,324,17.87,13.56,27.22,2.83,1.6,6.643,331,0.84,121,21,25.62,12.482,0,0.63,0.2,4287,5104
168132,Frozen Novelties Ice Type Pop With Low Calorie Sweetener,Sweets,24,0,0,5.92,1.52,0,0,0,0.67,11,1,5.92,-0.258,0.7,0.47,0.34,0,0
168138,Post Honey Bunches Of Oats Honey Roasted,Breakfast Cereals,401,5.46,7.12,81.19,19.79,4.2,0.64,23,34.82,209,50,76.99,3.237,16.67,0.9,0.57,2831,1307
168153,Kiwifruit,Fruits,61,0.52,1.14,14.66,8.99,3,0.029,34,0.31,312,17,11.66,-5.656,0.15,4.11,4.35,47,287
168176,Feijoa,Fruits,61,0.42,0.71,15.21,8.2,6.4,0.104,17,0.14,172,9,8.81,-3.036,2.93,2.32,2.95,56,136
168277,Bacon (Raw),Meats,393,37.13,13.66,0,0.35,0,12.615,6,0.38,201,13,0,8.174,0,0.35,0,15922,5757
168389,Asparagus,Vegetables,20,0.12,2.2,3.88,1.88,2.1,0.04,24,2.14,202,14,1.78,-1.94,0.23,0.65,1,0,50
168409,Cucumber,Vegetables,15,0.11,0.65,3.63,1.67,0.5,0.037,16,0.28,147,13,3.13,-2.445,0.03,0.76,0.87,5,32
168411,Edamame,Beans and Lentils,121,5.2,11.91,8.91,2.18,5.2,0.62,63,2.27,436,64,3.71,0.387,1.12,0,0.12,1282,2156
168462,Spinach,Vegetables,23,0.39,2.86,3.63,0.42,2.2,0.063,99,2.71,558,79,1.43,-11.924,0.07,0.11,0.15,10,165
168588,Almond Butter,Nuts and Seeds,614,55.5,20.96,18.82,4.43,10.3,4.152,347,3.49,748,279,8.52,1.435,4.34,0.02,0,32445,13613
168598,Nuts Macadamia Nuts Dry Roasted With Salt Added,Nuts and Seeds,716,76.08,7.79,12.83,4.14,8,11.947,70,2.65,363,118,4.83,-0.53,4,0.07,0.07,59275,1498
168746,Beer,Beverages,43,0,0.46,3.55,0,0,0,4,0.02,27,6,3.55,-0.036,0,0,0,0,0
168773,Egg Custards Dry Mix Prepared With Whole Milk,Sweets,122,4,3.99,17.6,4.82,0,2.032,139,0.34,207,16,17.6,0.17,0,0,0,1127,312
168813,Frozen Novelties Ice Type Pop,Sweets,79,0.24,0,19.23,13.66,0,0.013,0,0.54,15,1,19.23,-0.343,6.28,3.96,2.72,51,16
168820,Molasses,Sweets,290,0.1,0,74.73,74.72,0,0.018,205,4.72,1464,242,74.73,-38.773,29.4,11.92,12.79,32,50
168861,Snacks Granola Bar Fruit-Filled Nonfat,Snacks,342,0.9,5.9,77.6,45.24,7.4,0.2,3,4,220,50,70.2,1.409,33.51,4.27,7.46,240,350
168862,Snacks Kelloggs Nutri-Grain Cereal Bars Fruit,Snacks,365,8.67,4.22,67.61,28.98,3,1.442,576,6.14,247,37,64.61,-6.647,4.1,12.43,9.19,1989,4544
168867,Cornmeal Degermed Enriched Yellow,Grains and Pasta,370,1.75,7.11,79.45,1.61,3.9,0.22,3,4.36,142,32,75.55,3.27,0.68,0.56,0.17,390,828
168876,Rice Brown Parboiled Dry Uncle Bens,Grains and Pasta,370,2.75,7.6,78.68,0.5,3.5,0.481,8,1.16,219,98,75.18,6.597,0.5,0,0,1024,841
168877,Rice White Long-Grain Regular Raw Enriched,Grains and Pasta,365,0.66,7.13,79.95,0.12,1.3,0.18,28,4.31,115,25,78.65,4.301,0.08,0.02,0.02,206,177
168884,Rye Grain,Grains and Pasta,338,1.63,10.34,75.86,0.98,15.1,0.197,24,2.63,510,110,60.76,3.385,0.71,0.16,0.11,208,767
168885,Rye Flour Dark,Grains and Pasta,325,2.22,15.91,68.63,2.31,23.8,0.269,37,4.97,717,160,44.83,6.441,1.8,0.22,0.23,284,1046
168893,Wheat Flour Whole-Grain,Grains and Pasta,340,2.5,13.21,71.97,0.41,10.7,0.43,34,3.6,363,137,61.27,7.978,0.36,0,0.05,283,1167
168910,Whole Wheat Pasta,Grains and Pasta,149,1.71,5.99,30.07,0.75,3.9,0.243,13,1.72,96,54,26.17,4.019,0.2,0.07,0.07,176,574
168943,Whole Grain Sorghum Flour,Grains and Pasta,359,3.34,8.43,76.64,1.94,6.6,0.528,12,3.14,324,123,70.04,4.189,0.47,1.31,0.16,943,1403
168961,Chicken Thighs Frozen Breaded Reheated,Prepared Meals,334,22.45,18.66,14.23,0,0.1,5.207,75,1.26,279,31,14.13,8.496,0,0,0,10123,4813
168965,Salisbury Steak With Gravy Frozen,Prepared Meals,149,10.47,6.98,6.78,0.26,1,3.982,47,0.95,144,17,5.78,4.023,0,0.26,0,4798,1483
169005,Wocas Tuber Cooked Oregon Yellow Pond Lily (Klamath),American Indian,34,0.35,0.69,7.06,0,2.3,0.041,23,1.21,187,3,4.76,-3.505,0,0,0,16,49
169018,Applebees Chili,Restaurant Foods,157,9.79,12.56,4.57,2.27,1.4,4.15,34,1.46,320,18,3.17,2.335,0.22,1.07,0.98,4809,644
169027,Restaurant Family Style Onion Rings,Restaurant Foods,356,19.28,4.89,40.72,4.68,2.6,3.415,21,0.71,142,19,38.12,2.105,1.17,1.25,1.14,4217,9830
169028,Restaurant Family Style Chili With Meat And Beans,Restaurant Foods,157,9.79,12.56,4.57,2.27,1.4,4.023,34,1.46,320,18,3.17,2.335,0.22,1.07,0.98,4662,625
169030,Carrabbas Italian Grill Lasagne,Restaurant Foods,191,11.06,10.48,12.36,2.77,1.3,4.366,185,0.74,266,24,11.06,2.998,0,1.34,1.25,3577,716
169031,On The Border Mexican Rice,Restaurant Foods,195,4.86,3.56,34.15,1.38,1.1,0.886,39,1.18,131,15,33.05,0.817,0.68,0.37,0.33,1155,2298
169034,On The Border Cheese Quesadilla,Restaurant Foods,394,25.5,16.87,24.25,2.04,2.2,12.976,432,1.52,95,24,22.05,13.816,0,0.66,0.18,6309,2361
169038,Restaurant Italian Cheese Ravioli With Marinara Sauce,Restaurant Foods,154,5.7,7.07,18.5,4.5,1.2,2.556,120,0.82,195,22,17.3,1.688,0,1.02,0.9,1733,560
169056,Coleslaw Salad Dressing,Fats and Oils,404,34.53,0.85,22.4,21.23,0,5.343,9,0.33,35,3,22.4,1.036,10.29,5.56,5.16,7407,19362
169118,Pears,Fruits,57,0.14,0.36,15.23,9.75,3.1,0.022,9,0.18,116,7,12.13,-2.128,0.71,2.6,6.42,84,94
169124,Pineapple,Fruits,50,0.12,0.54,13.12,9.85,1.4,0.009,13,0.29,109,12,11.72,-2.224,5.99,1.73,2.12,13,40
169157,Pork Pickled Pork Hocks,Meats,171,10.54,19.11,0,0,0,3.231,19,1.14,47,6,0,10.187,0,0,0,5134,1198
169228,Eggplant,Vegetables,25,0.18,0.98,5.88,3.53,3,0.034,9,0.23,229,14,2.88,-3.949,0.26,1.58,1.54,16,76
169247,Romaine Lettuce,Vegetables,17,0.3,1.23,3.29,1.19,2.1,0.039,33,0.97,247,14,1.19,-4.296,0,0.39,0.8,12,160
169251,White Button Mushrooms,Vegetables,22,0.34,3.09,3.26,1.98,1,0.05,3,0.5,318,9,2.26,-2.289,0,1.48,0.17,0,160
169260,Okra,Vegetables,33,0.19,1.93,7.45,1.48,3.2,0.026,82,0.62,299,57,4.25,-5.671,0.6,0.32,0.57,17,27
169276,Radishes,Vegetables,16,0.1,0.68,3.4,1.86,1.6,0.032,25,0.34,233,10,1.8,-4.431,0.1,1.05,0.71,17,48
169295,Butternut Squash,Vegetables,45,0.1,1,11.69,2.2,2,0.021,48,0.7,352,34,9.69,-7.234,0.22,0.99,0.99,7,42
169412,Seeds Sesame Seed Kernels Dried (Decorticated),Nuts and Seeds,631,61.21,20.45,11.73,0.48,11.6,9.055,60,6.36,370,345,0.13,17.039,0.31,0.1,0.07,23924,25491
169414,Flax Seeds,Nuts and Seeds,534,42.16,18.29,28.88,1.55,27.3,3.663,255,5.73,813,392,1.58,1.937,1.15,0.4,0,7527,28730
169415,Roasted Squash And Pumpkin Seeds (Salted),Nuts and Seeds,574,49.05,29.84,14.71,1.29,6.5,8.544,52,8.07,788,550,8.21,26.292,1.14,0.07,0.07,15734,19856
169608,Puddings Vanilla Ready-To-Eat,Sweets,130,3.78,1.45,22.6,16.97,0,1.016,49,0.09,65,4,22.6,0.114,15.17,0,0,2286,87
169640,Honey,Sweets,304,0,0.3,82.4,82.12,0.2,0,6,0.42,52,2,82.2,-0.933,0.89,35.75,40.94,0,0
169655,Sugar,Sweets,387,0,0,99.98,99.8,0,0,1,0.05,2,0,99.98,-0.055,99.8,0,0,0,0
169661,Syrups Maple,Sweets,260,0.06,0.04,67.04,60.46,0,0.007,102,0.11,212,21,67.04,-6.258,58.32,1.6,0.52,11,17
169674,Snacks Granola Bars Soft Uncoated Chocolate Chip,Snacks,418,16.57,5.65,70.2,28.92,3.8,6.061,41,2.19,237,64,66.4,2.064,16.51,5.16,2.01,6967,1576
169703,Rice Brown Long-Grain Raw,Grains and Pasta,367,3.2,7.54,76.25,0.66,3.6,0.591,9,1.29,250,116,72.65,6.759,0.66,0,0,1054,1000
169707,Rice White Long-Grain Parboiled Enriched Dry,Grains and Pasta,374,1.03,7.51,80.89,0.33,1.8,0.294,71,3.33,174,27,79.09,4.036,0.21,0.11,0.02,258,322
169713,Rice Bran,Grains and Pasta,316,20.85,13.35,49.69,0.9,21,4.171,57,18.54,1485,781,28.69,15.976,0.5,0.2,0.2,7549,7459
169731,Noodles Egg Dry Enriched,Grains and Pasta,384,4.44,14.16,71.27,1.88,3.3,1.18,35,4.01,244,58,67.97,8.727,0.27,0.1,0,1252,1331
169741,Oat Flour Partially Debranned,Grains and Pasta,404,9.12,14.66,65.7,0.8,6.5,1.607,55,4,371,144,59.2,11.577,0.5,0.1,0,2866,3329
169758,Rice White Long-Grain Parboiled Unenriched Dry,Grains and Pasta,374,1.03,7.51,80.89,0.33,1.8,0.294,71,0.74,174,27,79.09,4.036,0.21,0.11,0.02,258,322
169772,Taquitos Frozen Beef And Cheese Oven-Heated,Prepared Meals,287,12.79,9.4,33.46,1.66,2.8,2.621,97,2.67,174,24,30.66,4.111,0.3,0.24,0.3,5127,4187
169781,Sausage Egg And Cheese Breakfast Biscuit,Prepared Meals,324,22.13,9.54,21.57,3.1,2,8.595,136,1.85,269,16,19.57,7.836,0.87,0.59,0,8539,3881
169797,Whale Beluga Meat Raw (Alaska Native),American Indian,111,0.5,26.5,0,0,0,0.092,7,25.9,283,22,0,15.187,0,0,0,337,25
169811,Tennis Bread Plain (Apache),American Indian,258,1.05,9,53.26,3.01,2.6,0.27,67,3.4,100,28,50.66,6.613,0.37,0.17,0.13,120,590
169822,Caribou Hind Quarter Meat Cooked (Alaska Native),American Indian,159,4.82,28.81,0,0,0,1.88,5,4.8,245,24,0,16.206,0,0,0,1495,725
169826,Wocas Dried Seeds Oregon Yellow Pond Lily (Klamath),American Indian,361,1.07,7.9,80.02,0.43,19.2,0.147,27,1.47,553,86,60.82,-1.937,0,0.43,0,100,161
169836,Restaurant Family Style French Fries,Restaurant Foods,289,14.04,3.49,37.2,0.28,3.9,2.489,17,0.91,545,29,33.3,-6.185,0.06,0.14,0.09,3358,6608
169839,Restaurant Family Style Macaroni & Cheese From Kids Menu,Restaurant Foods,151,6.06,5.42,18.8,3.09,1.1,2.147,99,0.68,135,19,17.7,3.09,0,0,0,1954,1663
169846,Restaurant Family Style Fish Fillet Battered Or Breaded Fried,Restaurant Foods,219,10.79,13.49,16.89,0.45,0.9,1.876,14,0.38,251,23,15.99,8.186,0.1,0.25,0,2311,5334
169849,Cracker Barrel Macaroni N Cheese,Restaurant Foods,194,11.75,6.49,15.61,2.83,1.1,4.178,145,0.57,127,17,14.51,5.642,0,0,0,2813,3941
169854,On The Border Cheese Enchilada,Restaurant Foods,271,17.74,11.67,16.2,2.89,1.8,7.52,293,0.71,176,30,14.4,8.063,0.25,0.97,0.83,4088,2107
169895,Salad Dressing Buttermilk Lite,Fats and Oils,202,12.42,1.25,21.33,3.77,1.1,1.25,40,0.69,132,6,20.23,4.291,0.89,0.66,0.61,2794,4213
169926,Papaya,Fruits,43,0.26,0.47,10.82,7.82,1.7,0.081,20,0.25,182,21,9.12,-4.052,0,4.09,3.73,72,58
169928,Yellow Peaches,Fruits,39,0.25,0.91,9.54,8.39,1.5,0.019,6,0.25,190,9,8.04,-3.138,4.76,1.95,1.53,67,86
169949,Plums,Fruits,46,0.28,0.7,11.42,9.92,1.4,0.017,6,0.17,157,7,10.02,-2.64,1.57,5.07,3.07,134,44
169986,Cauliflower,Vegetables,25,0.28,1.92,4.97,1.91,2,0.13,22,0.42,299,15,2.97,-4.421,0,0.94,0.97,34,31
169998,Yellow Sweet Corn,Vegetables,86,1.35,3.27,18.7,6.26,2,0.325,2,0.52,270,37,16.7,-1.801,0.89,3.43,1.94,432,487
170000,Onions,Vegetables,40,0.1,1.1,9.34,4.24,1.7,0.042,23,0.21,146,10,7.64,-2.031,0.99,1.97,1.29,13,17
170036,Hash Browns,Restaurant Foods,265,12.52,3,35.11,1.49,3.2,1.883,14,0.55,576,35,31.91,-9.196,0.33,0.64,0.52,5299,4703
170108,Sweet Red Bell Peppers,Vegetables,26,0.3,0.99,6.03,4.2,2.1,0.059,7,0.43,211,12,3.93,-3.412,0,1.94,2.26,7,156
170148,Hemp Seeds,Nuts and Seeds,553,48.75,31.56,8.67,1.5,4,4.6,70,7.95,1200,700,4.67,31.874,0.85,0.2,0.31,5400,38100
170181,Nuts Mixed Nuts Dry Roasted With Peanuts Salt Added Chosen Roaster,Nuts and Seeds,608,53.2,18,24.62,3.9,7.1,7.023,106,3.22,585,202,17.52,5.03,3.9,0,0,27596,19479
170182,Pecans,Nuts and Seeds,691,71.97,9.17,13.86,3.97,9.6,6.18,70,2.53,410,121,4.26,1.999,3.9,0.04,0.04,40801,21614
170204,Beef Cured Pastrami,Meats,147,5.82,21.8,0.36,0.1,0,2.681,10,2.22,210,17,0.36,12.149,0,0,0.01,2118,145
170258,Frozen Novelties No Sugar Added Fudgsicle Pops,Sweets,124,1.87,3.67,23.11,5.1,1.5,0.984,231,1.58,253,27,21.61,-1.333,0,0,0,649,149
170273,Dark Chocolate (70-85% Cocoa),Sweets,598,42.63,7.79,45.9,23.99,10.9,24.489,73,11.9,715,228,35,-6.819,23.99,0,0,12781,1257
170274,Chocolate Dark NFS (45-59% Cacao Solids 90%; 60-69% Cacao Solids 5%; 70-85% Cacao Solids 5%),Sweets,550,32.2,5.09,59.97,46.14,7.2,18.993,57,8.13,568,152,52.77,-6.311,44.65,0,0,9801,1107
170300,Coleslaw (Fast Food),Fast Foods,153,9.91,0.95,14.89,12.19,1.9,1.599,30,0.22,129,8,12.99,-2.117,8.96,1.69,1.44,2671,5348
170303,Chick-Fil-A Chick-N-Strips,Fast Foods,228,11.2,21.4,10.39,1.24,0.9,2.057,25,0.97,497,30,9.49,8.653,1.24,0,0,6165,2409
170319,McDonalds Filet-O-Fish,Fast Foods,282,14.64,11.26,26.39,3.67,1.4,2.833,120,1.56,220,27,24.99,3.674,0.1,1,1.93,4005,5952
170332,Taco Bell Original Taco With Beef Cheese And Lettuce,Fast Foods,229,12.7,8.86,19.85,0.9,3.9,4.384,89,1.19,209,32,15.95,4.519,0.4,0.2,0.3,4411,3042
170336,Taco Bell Nachos,Fast Foods,350,21.5,4.32,34.91,2.17,3.2,2.173,63,0.75,362,42,31.71,-0.119,0.53,0,0,14020,5040
170379,Broccoli,Vegetables,34,0.37,2.82,6.64,1.7,2.6,0.114,47,0.73,316,21,4.04,-4.007,0.1,0.49,0.68,31,112
170457,Tomatoes,Vegetables,18,0.2,0.88,3.89,2.63,1.2,0.028,10,0.27,237,11,2.69,-4.101,0,1.25,1.37,31,83
170564,Seeds Sunflower Seed Kernels Oil Roasted Without Salt,Nuts and Seeds,592,51.3,20.06,22.89,3.11,10.6,7.068,87,4.28,483,127,12.29,37.31,2.37,0.74,0,8063,34294
170567,Almonds,Nuts and Seeds,579,49.93,21.15,21.55,4.35,12.5,3.802,269,3.71,733,270,9.05,2.096,3.95,0.17,0.11,31551,12329
170569,Brazilnuts,Nuts and Seeds,659,67.1,14.32,11.74,2.33,7.5,16.134,160,2.43,659,376,4.24,7.968,2.33,0,0,23879,24399
170577,Nuts Coconut Meat Dried (Desiccated) Sweetened Flaked Packaged,Nuts and Seeds,456,27.99,3.13,51.85,36.75,9.9,26.396,11,1.51,361,51,41.95,-3.868,36.21,0.53,0.01,1377,222
170581,Hazelnuts,Nuts and Seeds,628,60.75,14.95,16.7,4.34,9.7,4.464,114,4.7,680,163,7,-2.061,4.2,0.07,0.07,45652,7920
170591,Pine Nuts (Dried),Nuts and Seeds,673,68.37,13.69,13.08,3.59,3.7,4.899,16,5.53,597,251,9.38,8.577,3.45,0.07,0.07,18764,34071
170681,Syrup Nestle Chocolate,Sweets,269,0,0,67.21,60,0,0,0,0,122,40,67.21,-1.48,59.86,0,0,0,0
170686,Roasted Buckwheat Groats,Grains and Pasta,92,0.62,3.38,19.94,0.9,2.7,0.134,7,0.8,88,51,17.24,0.957,0.4,0.2,0.1,188,188
170721,McDonalds French Fries,Fast Foods,323,15.47,3.41,42.58,0.21,3.9,2.271,19,0.8,596,37,38.68,-7.426,0.21,0,0,7379,4727
170845,Mozzarella,Dairy and Egg Products,299,22.14,22.17,2.4,0,0,13.9,505,0.44,76,20,2.4,15.267,0,0,0,6573,765
170859,Heavy Whipping Cream,Dairy and Egg Products,340,36.08,2.84,2.84,2.92,0,23.032,66,0.1,95,7,2.84,0.491,0,0,0,9101,1570
170894,Nonfat Greek Yogurt,Dairy and Egg Products,59,0.39,10.19,3.6,3.24,0,0.117,110,0.07,141,11,3.6,5.294,0,0,0,53,12
170901,Nonfat Greek Strawberry Yogurt,Dairy and Egg Products,82,0.15,8.05,12.07,11.27,0.6,0.105,97,0.09,132,10,11.47,3.816,5.41,0.65,2.19,26,14
170902,Nonfat Greek Vanilla Yogurt,Dairy and Egg Products,78,0.18,8.64,10.37,9.54,0.5,0.133,99,0.04,123,10,9.87,4.491,4.07,0.32,1.92,39,9
170904,Kefir Lowfat Plain Lifeway,Dairy and Egg Products,43,1.02,3.79,4.77,4.61,0,0.658,130,0.04,164,12,4.77,0.276,0,0,0,310,53
170924,Curry Powder,Spices and Herbs,325,14.01,14.29,55.83,2.76,53.2,1.648,525,19.1,1170,255,2.63,-17.637,0.62,1.14,0.79,8782,3056
170926,Ground Ginger,Spices and Herbs,335,4.24,8.98,71.62,3.39,14.1,2.599,114,19.8,1320,214,57.52,-24.346,0.2,1.22,1.78,479,929
170930,Dried Parsley,Spices and Herbs,292,5.48,26.63,50.64,7.27,26.7,1.378,1140,22.04,2683,400,23.94,-52.771,4.09,2.76,0.42,761,3124
170931,Black Pepper,Spices and Herbs,251,3.26,10.39,63.95,0.64,25.3,1.392,443,9.71,1329,171,38.65,-27.361,0.02,0.24,0.23,739,998
170952,Babyfood Fruit And Vegetable Apple And Sweet Potato,Baby Foods,64,0.22,0.3,15.3,11.6,1.4,0.041,8,0.2,149,6,13.9,-2.63,0.65,3.12,7.06,8,79
170965,Babyfood Cereal Mixed With Bananas Dry,Baby Foods,391,4.6,10.7,77.1,6.68,7.8,0.846,696,47.5,668,90,69.3,-6.688,1.82,2.44,2.36,1223,1734
170969,Babyfood Cereal Rice Dry Fortified,Baby Foods,390,2.19,6.65,83.14,4.85,1.3,0.234,860,53.01,281,37,81.84,-4.723,0.21,2.38,0.1,420,784
170989,Babyfood Mashed Cheddar Potatoes And Broccoli Toddlers,Baby Foods,48,1.47,1.11,7.47,1.17,1.2,0.875,20,0.16,118,8,6.27,-1.528,0.07,0.14,0.13,370,92
171008,Salad Dressing Thousand Island Dressing Reduced Fat,Fats and Oils,195,11.32,0.83,24.06,17.31,1.2,0.746,27,0.9,202,7,22.86,-3.873,0.8,9.11,6.9,6468,2692
171020,Salad Dressing French Dressing Commercial Regular Without Salt,Fats and Oils,459,44.81,0.77,15.58,15.95,0,5.648,24,0.8,67,5,15.58,-0.777,3.89,6.71,5.36,8433,21029
171021,Lowfat French Salad Dressing,Fats and Oils,233,13.46,0.58,29.28,28.45,1.1,1.099,11,0.87,107,8,28.18,-1.735,0,15.66,12.49,5898,5029
171022,Salad Dressing Italian Dressing Commercial Regular Without Salt,Fats and Oils,292,28.37,0.38,10.43,8.32,0,4.474,7,0.63,48,3,10.43,-0.664,0,4.68,3.64,6315,12941
171023,Salad Dressing Italian Dressing Reduced Fat Without Salt,Fats and Oils,76,6.38,0.47,4.57,4.55,0,0.451,9,0.65,85,4,4.57,-1.378,0,2.31,2.24,2190,1704
171081,Turkey Whole Meat And Skin Raw,Meats,144,5.64,21.64,0.14,0.07,0,1.461,11,0.86,224,25,0.14,11.848,0.07,0,0,1826,1466
171155,Soup Cream Of Mushroom Canned Condensed,Soups and Sauces,79,5.3,1.35,6.8,0.4,0.7,0.964,12,0.18,64,3,6.1,-0.036,0,0,0,1219,2901
171177,Soup Ramen Noodle Any Flavor Dry,Soups and Sauces,440,17.59,10.17,60.26,1.98,2.9,8.117,21,4.11,181,25,57.36,4.489,1.43,0,0,6156,2198
171190,Soup Beef And Vegetables Canned Ready-To-Serve,Soups and Sauces,48,1.16,3.18,6.16,1.25,1.2,0.407,18,0.51,174,10,4.96,-0.834,0.62,0.29,0.33,296,342
171192,Pasta Sauce,Soups and Sauces,50,1.61,1.39,7.43,4.91,1.8,0.218,26,0.73,320,18,5.63,-5.624,0.41,2.23,2.26,298,673
171247,Grated Parmesan,Dairy and Egg Products,420,27.84,28.42,13.91,0.07,0,15.371,853,0.49,180,34,13.91,21.344,0,0,0,7130,1386
171265,Whole Milk,Dairy and Egg Products,61,3.25,3.15,4.8,5.05,0,1.865,113,0.03,132,10,4.8,0.134,0,0,0,812,195
171267,Low-Fat Milk 2%,Dairy and Egg Products,50,1.98,3.3,4.8,5.06,0,1.257,120,0.02,140,11,4.8,0.218,0.01,0.01,0.01,560,73
171269,Skim Milk,Dairy and Egg Products,34,0.08,3.37,4.96,5.09,0,0.056,122,0.03,156,11,4.96,0.221,0,0,0,22,3
171277,Hot Cocoa,Dairy and Egg Products,77,2.34,3.52,10.74,9.66,1,1.431,114,0.42,197,23,9.74,-0.634,5,0.01,0.01,677,84
171287,Eggs (Raw),Dairy and Egg Products,143,9.51,12.56,0.72,0.37,0,3.126,56,1.75,138,12,0.72,9.525,0,0.37,0,3658,1911
171319,Chili Powder,Spices and Herbs,282,14.28,13.46,49.7,7.19,34.8,2.462,330,17.3,1950,149,14.9,-31.658,0.76,2.14,4.29,3211,8006
171320,Cinnamon,Spices and Herbs,247,1.24,3.99,80.59,2.17,53.1,0.345,1002,8.32,431,60,27.49,-19.375,0.02,1.04,1.11,246,68
171321,Ground Cloves,Spices and Herbs,274,13,5.97,65.53,2.38,33.9,3.952,632,11.83,1020,259,31.63,-29.776,0.02,1.14,1.07,1393,3606
171327,Onion Powder,Spices and Herbs,341,1.04,10.41,79.12,6.63,15.2,0.219,384,3.9,985,113,63.92,-11.733,3.87,0.73,1.67,202,310
171328,Dried Oregano,Spices and Herbs,265,4.28,9,68.92,4.09,42.5,1.551,1597,36.8,1260,270,26.42,-44.562,0.91,1.9,1.13,716,1369
171329,Paprika,Spices and Herbs,282,12.89,14.14,53.99,10.34,34.9,2.14,229,21.14,2280,178,19.09,-37.22,0.81,2.63,6.71,1695,7766
171330,Poppy Seeds,Spices and Herbs,525,41.56,17.99,28.13,2.99,19.5,4.517,1438,9.76,719,347,8.63,-1.986,2.33,0.37,0.29,5982,28569
171360,Babyfood Cereal Oatmeal Dry Fortified,Baby Foods,394,6.36,10.99,73.48,11.67,7.3,0.841,1160,64.1,549,110,66.18,-5.45,0.99,6.53,0.15,1564,1748
171403,Mayonnaise Salad Dressing,Fats and Oils,250,21.6,0.65,14.78,10.02,0,3.396,5,0.12,36,2,14.78,-0.078,0.69,4.6,4.5,5053,12187
171414,Salad Dressing French Dressing Commercial Regular,Fats and Oils,419,39.07,0.87,18.79,17.43,2.4,6.093,27,0.32,108,7,16.39,-1.463,4,6.56,6.15,8910,22952
171420,Salad Dressing French Dressing Fat-Free,Fats and Oils,132,0.27,0.2,32.14,16.45,2.2,0.037,5,0.58,84,3,29.94,-1.818,5.5,4.68,5.05,141,62
171566,Gravy Chicken Canned Or Bottled Ready-To-Serve,Soups and Sauces,48,2.62,0.71,5.29,0.3,0.1,0.639,10,0.09,42,3,5.19,-0.007,0,0,0,1027,407
171575,Sauce Peanut Made From Coconut Water Sugar Peanuts,Soups and Sauces,179,6.34,2.02,28.46,18.8,1.1,3.53,9,0.38,99,19,27.36,-0.421,6.9,4.75,4.95,1355,1135
171579,Pesto,Soups and Sauces,418,37.6,9.83,10.09,6.33,1.8,7.07,306,0.57,560,47,8.29,-2.112,0,0.23,0,22155,6546
171625,Turkey Hotdog,Meats,223,17.29,12.23,3.81,1.21,0,4.028,148,1.47,392,14,3.81,1.793,0,1.03,0,5736,3949
171637,Bologna Meat And Poultry,Meats,281,23.77,10.34,6.31,1.97,0,7.389,125,1.24,320,15,6.31,4.139,0,1.2,0,10269,4590
171655,White Cornmeal (Grits),Breakfast Cereals,71,0.46,1.71,14.76,0.12,0.8,0.066,1,0.57,27,7,13.96,0.811,0.12,0,0,64,165
171658,Farina Enriched Assorted Brands Including Cream Of Wheat Quick (1-3 Minutes) Dry,Breakfast Cereals,360,1.41,11.6,73.19,0.56,4.2,0.232,711,33.39,153,45,68.99,1.353,0.42,0,0,150,627
171659,Farina Enriched Assorted Brands Including Cream Of Wheat Quick (1-3 Minutes) Cooked With Wat,Breakfast Cereals,55,0.34,1.82,10.92,0.76,0.8,0.066,97,5.33,23,7,10.12,0.33,0.07,0,0,38,126
171661,Oats Instant Fortified Plain Dry,Breakfast Cereals,362,6.9,11.92,69.52,1.5,10,1.346,351,24.72,366,128,59.52,5.84,1,0.1,0.1,2325,2533
171662,Oats Instant Fortified Plain Prepared With Water (Boiling Water Added Or Microwaved),Breakfast Cereals,68,1.36,2.37,11.67,0.46,1.7,0.226,80,5.96,61,26,9.97,0.999,0.29,0,0,391,426
171664,Oats Instant Fortified With Cinnamon And Spice Dry,Breakfast Cereals,369,4.84,9.53,76.08,25.33,8,0.768,234,8.46,284,92,68.08,5.13,24.5,0.3,0.23,1487,1696
171675,Oats Regular And Quick And Instant Unenriched Cooked With Water (Includes Boiling And Microw,Breakfast Cereals,71,1.52,2.54,12,0.27,1.7,0.31,9,0.9,70,27,10.3,1.79,0.25,0,0,435,559
171688,Apples,Fruits,52,0.17,0.26,13.81,10.39,2.4,0.028,6,0.12,107,5,11.41,-1.933,2.07,2.43,5.9,7,51
171705,Avocados,Fruits,160,14.66,2,8.53,0.66,6.7,2.126,12,0.55,485,29,1.83,-8.248,0.06,0.37,0.12,9799,1816
171821,Soup Wonton Chinese Restaurant,Soups and Sauces,32,0.26,2.08,5.25,0.34,0.2,0.062,5,0.21,32,3,5.05,0.866,0.24,0,0,77,71
171831,Wasabi,Soups and Sauces,292,10.9,2.23,46.13,13.2,6.1,2.031,41,0.5,182,21,40.03,-2.871,8.4,2.5,2.3,4410,3627
171862,Rolls Gluten-Free White Made With Rice Flour Rice Starch And Corn Starch,Baked Foods,239,2.65,3.34,50.47,6.87,5.1,0.215,180,3.57,76,13,45.37,-0.799,0,2.08,2.06,1353,637
171874,Chocolate Malt Powder Prepared With 1% Milk Fortified,Beverages,57,0.97,3.32,8.81,7.81,0,0.63,160,1.14,191,24,8.81,-1.637,3.02,0,0,276,35
171875,Carbonated Limeade High Caffeine,Beverages,17,0.11,0,4.11,3.97,0,0,2,0.03,19,0,4.11,0.646,0,1.72,2.25,0,0
171890,Coffee,Beverages,1,0.02,0.12,0,0,0,0.002,2,0.01,49,3,0,-0.969,0,0,0,15,1
171907,Malt Liquor Beverage,Beverages,40,0,0.35,0,0,0,0,3,0.03,33,5,0,-0.214,0,0,0,0,0
171937,Energy Drink Rockstar,Beverages,58,0.22,0.34,12.7,12.26,0,0,1,0.05,6,0,12.7,0.027,2.65,6.03,3.59,0,0
171966,Canned Blue Crab,Fish,83,0.74,17.88,0,0,0,0.201,91,0.5,259,36,0,9.825,0,0,0,129,258
171976,Canned Clams,Fish,142,1.59,24.25,5.9,0,0,0.309,65,2.68,628,32,5.9,9.044,0,0,0,198,318
171978,Mollusks Oyster Eastern Wild Raw,Fish,51,1.71,5.71,2.72,0.62,0,0.474,59,4.61,156,18,2.72,1.855,0,0.62,0,253,528
171980,Cooked Wild Eastern Oysters,Fish,102,3.42,11.42,5.45,1.23,0,0.948,116,9.21,139,35,5.45,7.412,0,1.23,0,506,1056
172012,Beef Baloney (Bologna),Meats,299,26.13,10.91,4.29,2.05,0,10.487,21,1.29,351,13,4.29,3.023,0,1.65,0,12198,1182
172035,French Toast Sticks,Fast Foods,340,17.74,6,41.21,9.89,1.4,3.989,53,1.92,111,19,39.81,2.628,7.14,1.03,0.75,9502,2566
172037,Shrimp Breaded And Fried,Fast Foods,308,18.9,7.84,27.99,0.1,0.7,3.843,29,0.86,82,16,27.29,8.159,0,0,0,11905,1593
172059,McDonalds Sausage Mcgriddles,Fast Foods,312,17.76,8.41,31.25,11.23,1,5.435,63,1.42,145,14,30.25,11.566,6.16,3.91,0.14,7532,2591
172065,McDonalds Double Cheeseburger,Fast Foods,282,16.09,15.5,18.79,4.23,0.8,6.998,178,2.24,216,21,17.99,6.313,0,1.33,1.93,5655,1351
172086,Popeyes Biscuit,Fast Foods,401,23.71,6,40.95,3.46,3.8,11.515,108,2.51,173,13,37.15,8.977,0.74,0,0,5686,4379
172097,Chili Con Carne With Beans Canned Entree,Prepared Meals,107,3.47,5.8,13.1,1.87,3.3,1.253,33,1.34,264,28,9.8,-0.675,1.03,0.34,0.49,1412,400
172099,Spaghetti With Meatballs In Tomato Sauce Canned,Prepared Meals,100,4.11,4.37,11.45,2.91,2.7,1.459,29,1.03,217,13,8.75,-1.047,0.34,1.25,1.32,1633,563
172102,Burrito Beef And Bean Microwaved,Prepared Meals,298,11.94,8.73,38.95,1.36,6.9,4.072,39,3.12,271,36,32.05,0.695,0.47,0,0.14,5035,1763
172103,Egg Rolls Pork Refrigerated Heated,Prepared Meals,227,8.18,9.94,28.49,1.67,0,1.65,34,1.55,212,20,28.49,2.796,1.6,1.18,0.7,2350,2464
172107,Hot Pockets Meatballs & Mozzarella Stuffed Sandwich Frozen,Prepared Meals,252,10.23,9.32,30.68,7.73,2.2,3.93,181,2.08,204,22,28.48,4.213,0,0.97,1,2787,2611
172109,Lean Pockets Meatballs & Mozzarella,Prepared Meals,240,7.7,10.49,32.28,8.81,2,3.087,196,2.06,221,23,30.28,3.984,0.28,1.3,1.24,1971,1479
172223,Queso Fresco,Dairy and Egg Products,299,23.82,18.09,2.98,2.32,0,12.94,566,0.2,129,24,2.98,12.398,0,0,0,5966,1106
172231,Ground Turmeric,Spices and Herbs,312,3.25,9.68,67.14,3.21,22.7,1.838,168,55,2080,208,44.44,-35.736,2.38,0.38,0.45,449,756
172232,Basil,Spices and Herbs,23,0.64,3.15,2.65,0.3,1.6,0.041,177,3.17,295,64,1.05,-6.593,0,0.02,0.02,88,389
172234,Yellow Mustard,Spices and Herbs,60,3.34,3.74,5.83,0.92,4,0.214,63,1.61,152,48,1.83,0.54,0.21,0.47,0.23,2182,774
172252,Finger Snacks Gerber Graduate Puffs Apple And Cinnamon,Baby Foods,344,2.3,6.19,85.79,17.84,3.8,0.143,535,24.74,196,60,81.99,6.941,14.9,1.13,1.81,306,527
172255,Babyfood Tropical Fruit Medley,Baby Foods,46,0.14,0.31,12.22,9.78,1.3,0,0,0,141,5,10.92,-2.548,1.17,3.03,5.57,0,0
172261,Babyfood Dinner Beef With Vegetables,Baby Foods,96,6.93,2.03,6.36,2.16,1.8,2.84,19,0.33,127,15,4.56,-1.439,1.35,0.32,0.49,3120,900
172296,Babyfood Cereal Barley Prepared With Whole Milk,Baby Foods,84,3.26,3.73,9.94,5.1,0.6,1.76,162,3.49,151,18,9.34,0.132,0,0,0,802,309
172297,Babyfood Cereal Oatmeal With Bananas Prepared With Whole Milk,Baby Foods,86,3.46,3.82,10,5.9,0.4,1.82,153,3.63,178,18,9.6,-0.239,0,0,0,859,345
172299,Babyfood Cereal Rice Prepared With Whole Milk,Baby Foods,85,3.38,3.45,10.31,4.87,0,1.793,168,3.63,151,25,10.31,0.177,0,0,0,846,333
172420,Lentils Raw,Beans and Lentils,352,1.06,24.63,63.35,2.03,10.7,0.154,35,6.51,677,47,52.65,6.49,1.47,0,0.27,193,526
172428,Peas Green Split Mature Seeds Raw,Beans and Lentils,364,3.89,23.12,61.63,3.14,22.2,0.408,46,4.73,852,63,39.43,3.455,2.69,0.44,0,615,1022
172442,Miso,Beans and Lentils,198,6.01,12.79,25.37,6.2,5.4,1.025,57,2.49,210,48,19.97,5.716,0,0,6,1118,2884
172465,Refried Beans Canned Fat-Free,Beans and Lentils,79,0.45,5.34,13.5,0.61,4.7,0.093,34,1.62,344,38,8.8,-1.976,0.61,0,0,44,287
172765,Muffins Blueberry Commercially Prepared (Includes Mini-Muffins),Baked Foods,375,16.07,4.49,53,31.47,1.1,2.844,44,1.3,121,10,51.9,4.214,28.01,1.23,1.21,4822,8103
172800,Taco Shells Baked,Baked Foods,476,21.79,6.41,63.49,1.5,6.7,7.105,100,1.64,231,83,56.79,3.405,1,0.1,0.1,6935,5495
172830,Chicken Broiler Rotisserie BBQ Wing Meat And Skin,Meats,257,18.04,23.42,0.6,0.6,0,4.627,33,0.93,285,23,0.6,13.715,0.22,0.21,0.16,7332,2177
172934,Pork Sausage Link/patty Unprepared,Meats,288,24.8,15.39,0.93,0.93,0,7.57,8,1.02,307,15,0.93,5.486,0.1,0.56,0,9844,4432
172969,Scrapple Pork,Meats,213,13.87,8.06,14.06,0.2,0.3,4.732,7,1.89,158,13,13.76,2.995,0,0.2,0,6156,1664
173131,Microwave Popcorn,Snacks,402,6.1,10.72,76.04,0.65,13.6,1.184,14,2.87,284,124,62.44,7.065,0.65,0,0,2767,2216
173136,Formulated Bar Mars Snackfood Us Snickers Marathon Energy Bar All Flavors,Snacks,386,10.79,21.91,50.3,28.71,6.7,4.753,754,16.31,351,317,43.6,2.026,14.27,8.61,0.48,3920,1917
173137,Formulated Bar Power Bar Chocolate,Snacks,363,3.11,14.15,69.63,30.07,5.7,1.32,504,11.7,362,248,63.93,8.939,0.52,11.94,15.96,1050,589
173139,Formulated Bar Slim-Fast Optima Meal Bar Milk Chocolate Peanut,Snacks,386,8.92,16.19,60.21,25,5.1,5.36,668,4.98,289,250,55.11,11.477,7.58,1.24,0.52,2428,1132
173141,Popcorn Microwave Regular (Butter) Flavor Made With Palm Oil,Snacks,535,30.22,8.38,57.26,0.3,10,14.598,23,2.06,393,110,47.26,2.797,0.3,0,0,10538,4124
173149,Formulated Bar High Fiber Chewy Oats And Chocolate,Snacks,389,10,5,69.82,25,22.5,3.397,250,0.9,447,190,47.32,0.274,12.2,6.86,1.57,3522,2334
173157,Snacks Peas Roasted Wasabi-Flavored,Snacks,432,14.11,14.11,62.2,14.11,3.8,5.29,123,3.8,732,102,58.4,-2.823,12.73,0.24,0.78,5792,1951
173160,Snacks Shrimp Cracker,Snacks,426,17.86,7.14,59.09,21.43,5.6,5.357,20,1.91,193,72,53.49,4.34,21.4,0,0.02,7997,3971
173175,Acai Berry Drink Fortified,Beverages,62,0.83,0.83,12.83,11.1,1.2,0,19,0.16,130,11,11.63,-2.392,0.8,3.7,6.6,0,0
173206,Sprite,Beverages,40,0.02,0.05,10.14,8.98,0,0,2,0.11,1,1,10.14,-0.049,0.65,3.13,5.19,0,0
173210,Energy Drink Red Bull,Beverages,43,0,0.46,10.23,10.22,0,0,6,0.06,3,19,10.23,-0.416,5.19,3.4,1.63,0,0
173298,McDonalds Hash Brown,Fast Foods,271,16.3,2.48,28.56,0.54,2.8,2.327,19,0.56,341,20,25.76,-3.09,0,0.3,0.24,8055,5065
173304,McDonalds Mcflurry With Oreo Cookies,Fast Foods,165,5.66,3.97,25.55,21.19,0.1,2.577,129,0.61,198,14,25.45,-0.171,14.2,0.89,0.18,1716,364
173311,McDonalds Pancakes,Fast Foods,272,8.06,4.05,46.08,20.58,0.9,0.818,57,1.28,125,13,45.18,4.813,7.75,5.06,0.18,863,2087
173313,McDonalds Fruit N Yogurt Parfait (Without Granola),Fast Foods,90,1.13,2.47,17.67,11.9,0.9,0.004,87,0.36,165,12,16.77,-1.091,6.97,0.75,1.78,10,33
173329,Ravioli Meat-Filled With Tomato Sauce Or Meat Sauce Canned,Prepared Meals,97,3.41,3.24,13.26,1.97,1.5,1.46,12,1.09,178,12,11.76,-1.16,0,1,0.97,1617,237
173331,Chicken Pot Pie Frozen Entree Prepared,Prepared Meals,204,11.85,5.11,19.21,2.26,1.1,4.365,20,0.76,110,11,18.11,2.298,0.42,0.49,0.1,3613,3302
173344,Pulled Pork In Barbecue Sauce,Prepared Meals,168,4.42,13.19,18.74,15.2,1.2,1.416,44,1.24,305,22,17.54,4.834,3.38,6.36,5.46,1813,757
173345,Corn Dogs Frozen Prepared,Prepared Meals,250,12.02,8.57,26.96,7.54,1,3.466,72,1.9,125,17,25.96,8.467,6.23,0.62,0,4732,3354
173346,Chicken Tenders Breaded Frozen Prepared,Prepared Meals,240,13.58,14.62,14.86,0.57,1.7,2.437,39,0.84,281,29,13.16,7.365,0.33,0.12,0,4081,6235
173418,Cream Cheese,Dairy and Egg Products,350,34.44,6.15,5.52,3.76,0,20.213,97,0.11,132,9,5.52,2.69,0,0,0,8907,1483
173461,Dulce De Leche,Dairy and Egg Products,315,7.35,6.84,55.35,49.74,0,4.534,251,0.17,350,22,55.35,-0.734,41.77,1.7,0.32,2143,375
173469,Apple Cider Vinegar,Spices and Herbs,21,0,0,0.93,0.4,0,0,7,0.2,73,5,0.93,-1.467,0,0.1,0.3,0,0
173504,Babyfood Vegetable Green Beans And Potatoes,Baby Foods,62,1.9,2.2,9,2.35,1.4,1.117,60,0.5,148,20,7.6,-1.094,0.21,0.33,0.37,539,132
173510,Babyfood Vegetable Butternut Squash And Corn,Baby Foods,50,0.6,2,9.26,2.93,2,0.095,32,0.4,352,26,7.26,-6.252,2.25,0.23,0.3,166,280
173529,Babyfood Cereal Mixed Prepared With Whole Milk,Baby Foods,96,3.38,4.14,12.3,4.78,0.8,1.745,220,10.43,166,20,11.5,-0.494,0,0,0,855,359
173534,Babyfood Cereal Rice With Bananas Prepared With Whole Milk,Baby Foods,86,3.32,3.57,10.49,6.13,0.1,1.798,156,3.63,180,20,10.39,-0.57,0,0,0,826,294
173590,Salad Dressing Italian Dressing Fat-Free,Fats and Oils,47,0.87,0.97,8.75,8.85,0.6,0.295,30,0.4,102,5,8.15,1.835,0.29,2.82,5.59,235,192
173591,Salad Dressing Ranch Dressing Fat-Free,Fats and Oils,119,1.92,0.25,26.51,5.35,0.1,0.447,50,1.05,111,8,26.41,1.101,1.57,1.91,0.42,388,698
173592,Salad Dressing Ranch Dressing Regular,Fats and Oils,430,44.54,1.32,5.9,4.69,0,6.964,28,0.3,64,5,5.9,5.683,1.86,0.78,0.68,9202,25796
173593,Salad Dressing Ranch Dressing Reduced Fat,Fats and Oils,196,12.42,1.25,21.33,3.77,1.1,1.25,40,0.69,132,6,20.23,4.291,0.89,0.66,0.61,2794,4213
173594,Salad Dressing Mayonnaise Light,Fats and Oils,238,22.22,0.37,9.23,3.56,0,3.446,6,0.14,31,2,9.23,-0.048,1.28,1.07,1.22,5010,12993
173660,Pepsico Quaker Gatorade G Performance O 2 Ready-To-Drink.,Beverages,26,0,0,6.43,5.24,0,0,1,0.05,15,0,6.43,0.041,0.92,2.19,1.82,0,0
173691,Fish Salmon Sockeye Raw,Fish,131,4.69,22.25,0,0,0,0.814,9,0.43,367,30,0,11.762,0,0,0,1371,1115
173733,Beans Baked Canned With Pork And Tomato Sauce,Beans and Lentils,94,0.93,5.15,18.69,5.67,4,0.293,56,3.24,295,34,14.69,-1.031,3.36,1.2,1.03,277,157
173745,Beans Navy Mature Seeds Raw,Beans and Lentils,337,1.5,22.33,60.75,3.88,15.3,0.17,147,5.49,1185,175,45.45,-5.516,3.33,0.21,0,128,873
173746,Navy Beans,Beans and Lentils,140,0.62,8.23,26.05,0.37,10.5,0.098,69,2.36,389,53,15.55,-1.138,0.37,0,0,142,490
173796,Beans Pinto Mature Seeds Cooked Boiled With Salt,Beans and Lentils,143,0.65,9.01,26.22,0.34,9,0.109,46,2.09,436,50,17.22,-1.259,0.34,0,0,106,188
173806,Dry Roasted Peanuts,Nuts and Seeds,587,49.66,24.35,21.26,4.9,8.4,7.723,58,1.58,634,178,12.86,6.55,4.9,0,0,26181,9773
173861,Dutch Brand Loaf Chicken Pork And Beef,Meats,273,22.91,12,3.93,0.9,0.3,8.806,7,0.16,210,15,3.63,5.367,0,0.48,0.11,11132,2972
173904,Oats Regular And Quick Not Fortified Dry,Breakfast Cereals,379,6.52,13.15,67.7,0.99,10.1,1.11,52,4.25,362,138,57.6,9.67,0.99,0,0,1980,2300
173907,Quaker Instant Oatmeal Maple And Brown Sugar Dry,Breakfast Cereals,368,4.63,9.2,76.91,30.02,7.2,0.793,226,8.22,424,88,69.71,1.298,29.29,0.51,0.18,1454,1622
173910,Post Shredded Wheat Original Big Biscuit,Breakfast Cereals,337,2.01,11.37,78.96,0.94,12.4,0.41,56,2.63,381,130,66.56,7.26,0.55,0,0,290,1220
173917,Farina Enriched Cooked With Water With Salt,Breakfast Cereals,53,0.34,1.82,10.92,0.76,0.8,0.066,97,5.33,23,7,10.12,0.33,0.07,0,0,38,126
173964,Red And White Currants,Fruits,56,0.2,1.4,13.8,7.37,4.3,0.017,33,1,275,13,9.5,-4.259,0.61,3.22,3.53,28,88
174063,Soup Clam Chowder New England Reduced Sodium Canned Ready-To-Serve,Soups and Sauces,70,4.23,2.33,5.68,0,0.8,0.701,14,0.56,337,13,4.88,-5.346,0,0,0,908,1997
174074,Sauce Enchilada Red Mild Ready To Serve,Soups and Sauces,30,0.91,0.62,4.87,1.83,0.5,0.111,7,0.67,101,6,4.37,-1.669,0.43,0.59,0.81,68,276
174119,Ice Mocha,Beverages,60,0.98,1.48,11.42,9.23,0,0,52,0.09,136,9,11.42,-0.874,6.11,0.37,0,0,0
174121,Citrus Green Tea,Beverages,1,0,0,0.31,0,0,0,1,0,13,0,0.31,1.045,0,0,0,0,0
174178,Pepsico Quaker Gatorade G2 Low Calorie,Beverages,8,0.01,0.05,1.94,1.3,0,0,0,0,13,0,1.94,0.009,1.31,0,0.08,0,0
174196,Fish Flatfish (Flounder And Sole Species) Raw,Fish,70,1.93,12.41,0,0,0,0.441,21,0.18,160,18,0,11.283,0,0,0,535,374
174197,Flat Fish (Flounder Or Sole),Fish,86,2.37,15.24,0,0,0,0.542,25,0.23,197,22,0,13.84,0,0,0,657,459
174203,Imitation Crab Meat,Fish,95,0.46,7.62,15,6.25,0.5,0.216,13,0.39,90,43,14.5,10.969,2.95,2.68,0.62,275,143
174205,Blue Crab,Fish,83,0.74,17.88,0,0,0,0.201,91,0.5,259,36,0,9.825,0,0,0,129,258
174208,Crustaceans Lobster Northern Raw,Fish,77,0.75,16.52,0,0,0,0.181,84,0.26,200,38,0,7.74,0,0,0,220,296
174210,Crustaceans Shrimp Mixed Species Raw (May Have Been Previously Frozen),Fish,71,1.01,13.61,0.91,0,0,0.261,54,0.21,113,22,0.91,12.032,0,0,0,181,295
174214,Clams (Raw),Fish,86,0.96,14.67,3.57,0,0,0.187,39,1.62,46,19,3.57,12.537,0,0,0,120,192
174220,Raw Scallops,Fish,69,0.49,12.06,3.18,0,0,0.128,6,0.38,205,22,3.18,13.285,0,0,0,48,130
174277,Soy Sauce,Beans and Lentils,53,0.57,8.14,4.93,0.4,0.8,0.073,33,1.45,435,74,4.13,-1.423,0.1,0.3,0,88,263
174286,Beans Pinto Canned Drained Solids,Beans and Lentils,114,0.9,6.99,20.22,0.54,5.5,0.158,63,1.33,274,32,14.72,-0.28,0.54,0,0,153,273
174289,Hummus (Commercial),Beans and Lentils,237,17.82,7.78,15,0.62,5.5,2.562,47,2.54,312,75,9.5,1.343,0.34,0,0.28,5340,8812
174296,Canned Refried Beans,Beans and Lentils,83,0.87,5.28,13.5,0.59,4.7,0.142,35,1.7,344,38,8.8,-1.908,0.59,0,0,206,471
174523,Barbecue Sauce,Soups and Sauces,172,0.63,0.82,40.77,33.24,0.9,0.045,33,0.64,232,13,39.87,-4.524,2.68,16.39,14.17,82,101
174524,Sauce Salsa Ready-To-Serve,Soups and Sauces,29,0.17,1.52,6.64,4.01,1.9,0.021,30,0.42,275,15,4.74,-4.621,0.25,1.65,2.12,18,78
174546,Soup Tomato Canned Prepared With Equal Volume Low Fat (2%) Milk,Soups and Sauces,55,1.24,2.42,9.82,6.59,0.5,0.707,68,0.3,343,13,9.32,-4.946,0,1.72,2.26,356,113
174570,Roast Beef Deli Style Prepackaged Sliced,Meats,115,3.69,18.62,0.64,0.29,0,1.318,5,2.05,647,20,0.64,3.835,0,0.29,0,1521,270
174575,Pepperoni,Meats,504,46.28,19.25,1.18,0,0,17.708,19,1.33,274,18,1.18,8.777,0,0,0,20770,4458
174576,Pickle And Pimiento Loaf Pork,Meats,225,15.95,11.23,8.46,8.46,1.5,5.287,109,1.33,371,34,6.96,1.024,0,0,0,7060,2804
174643,Malt-O-Meal Golden Puffs,Breakfast Cereals,370,0.89,5.77,89.72,51.34,2.6,0.161,11,7.92,204,46,87.12,5.384,35.45,8.25,3.13,220,349
174649,Ralston Crispy Hexagons,Breakfast Cereals,379,0.95,5.94,86.78,13.79,1.5,0.263,8,27.93,224,16,85.28,-0.01,13.74,0,0.05,193,350
174655,Cream Of Wheat 2 1/2 Minute Cook Time Dry,Breakfast Cereals,355,1.41,11.61,71.79,0.47,4.4,0.253,882,32.02,160,46,67.39,4.363,0.39,0,0,175,630
174673,Pink Grapefruit,Fruits,42,0.14,0.77,10.66,6.89,1.6,0.021,22,0.08,135,9,9.06,-2.328,3.51,1.61,1.77,20,36
174683,Red Or Green Grapes (European),Fruits,69,0.16,0.72,18.1,15.48,0.9,0.054,10,0.36,191,7,17.2,-3.251,0.15,7.2,8.13,7,48
174687,Jackfruit,Fruits,95,0.64,1.72,23.25,19.08,1.5,0.195,24,0.23,448,29,21.75,-8.908,0.42,9.48,9.19,155,94
174787,Formulated Bar Luna Bar Nutz Over Chocolate,Snacks,403,12.19,20.75,52.49,16.9,4.3,5.523,886,14.2,412,329,48.19,10.349,9.26,1.05,0.37,2933,2714
174831,Coconut Water Ready-To-Drink Unsweetened,Beverages,18,0,0.22,4.24,3.92,0,0,7,0.03,165,6,4.24,-3.438,0.96,0.82,2.14,0,0
174832,Unsweetened Almond Milk,Beverages,15,0.96,0.4,1.31,0.81,0.2,0.08,184,0.28,67,6,1.11,-3.435,0.81,0,0,590,240
174899,Bagels,Baked Foods,264,1.32,10.56,52.38,8.43,1.6,0.36,219,3.57,107,29,50.78,2.97,0,2.34,2.89,390,526
174909,Bread Cornbread Dry Mix Prepared With 2% Milk 80% Margarine And Eggs,Baked Foods,330,9.58,6.59,54.46,16.05,2.3,3.732,135,1.85,133,17,52.16,12.688,14.45,0.29,0.2,3494,1963
174934,Chocolate Cake With Frosting,Baked Foods,389,20.05,3.48,52.84,39.96,2.2,5.917,30,3.04,270,31,50.64,-0.128,37.12,1.42,0.82,7343,4622
175037,Tortillas Ready-To-Bake Or -Fry Flour Refrigerated,Baked Foods,306,7.99,8.2,49.38,3.71,3.5,2.924,146,3.63,125,22,45.88,6.526,0.6,0.38,0.28,1751,2290
175140,Fish Sardine Pacific Canned In Tomato Sauce Drained Solids With Bone,Fish,185,10.45,20.86,0.54,0.43,0.1,2.684,240,2.3,341,34,0.44,12.554,0.03,0.23,0.17,4818,2111
175182,Canned Baked Beans,Beans and Lentils,94,0.37,4.75,21.14,7.96,4.1,0.071,34,1.19,224,27,17.04,-0.813,4.8,1.59,1.56,95,121
175200,Pinto Beans (Cooked),Beans and Lentils,143,0.65,9.01,26.22,0.34,9,0.136,46,2.09,436,50,17.22,-1.259,0.34,0,0,133,235